[
    {
        "timestamp": 1616172547994,
        "family": "theme_metadata",
        "name": "name",
        "locale": "en",
        "from_val": "",
        "to_val": "Amana"
    },
    {
        "timestamp": 1616172560231,
        "family": "colors",
        "name": "ntp_background",
        "was_default": true,
        "was_disabled": false,
        "set_to_default": false,
        "to_val": "rgba(236.997,236.997,236.997,1)",
        "to_picked_color_val": [
            236.997,
            236.997,
            236.997,
            1
        ],
        "to_manifest_val": [
            237,
            237,
            237
        ]
    },
    {
        "timestamp": 1616172576075,
        "family": "colors",
        "name": "ntp_background",
        "was_default": false,
        "was_disabled": false,
        "set_to_default": false,
        "from_val": "rgba(236.997,236.997,236.997,1)",
        "from_picked_color_val": [
            236.997,
            236.997,
            236.997,
            1
        ],
        "from_manifest_val": [
            237,
            237,
            237
        ],
        "to_val": "rgba(255,255,255,1)",
        "to_picked_color_val": [
            255,
            255,
            255,
            1
        ],
        "to_manifest_val": [
            255,
            255,
            255
        ]
    },
    {
        "timestamp": 1616172579868,
        "family": "colors",
        "name": "toolbar",
        "was_default": true,
        "was_disabled": false,
        "set_to_default": false,
        "to_val": "rgba(56.0235,146.01287185929647,255,1)",
        "to_picked_color_val": [
            56.0235,
            146.01287185929647,
            255,
            1
        ],
        "to_manifest_val": [
            56,
            146,
            255
        ]
    },
    {
        "timestamp": 1616172585717,
        "family": "colors",
        "name": "toolbar",
        "was_default": false,
        "was_disabled": false,
        "set_to_default": false,
        "from_val": "rgba(56.0235,146.01287185929647,255,1)",
        "from_picked_color_val": [
            56.0235,
            146.01287185929647,
            255,
            1
        ],
        "from_manifest_val": [
            56,
            146,
            255
        ],
        "to_val": "rgba(255,255,255,1)",
        "to_picked_color_val": [
            255,
            255,
            255,
            1
        ],
        "to_manifest_val": [
            255,
            255,
            255
        ]
    },
    {
        "timestamp": 1616172591093,
        "family": "colors",
        "name": "frame",
        "was_default": true,
        "was_disabled": false,
        "set_to_default": false,
        "to_val": "rgba(255,255,255,1)",
        "to_picked_color_val": [
            255,
            255,
            255,
            1
        ],
        "to_manifest_val": [
            255,
            255,
            255
        ]
    },
    {
        "timestamp": 1616172604888,
        "family": "colors",
        "name": "frame_inactive",
        "was_default": true,
        "was_disabled": false,
        "set_to_default": false,
        "to_val": "rgba(236.997,236.997,236.997,1)",
        "to_picked_color_val": [
            236.997,
            236.997,
            236.997,
            1
        ],
        "to_manifest_val": [
            237,
            237,
            237
        ]
    },
    {
        "timestamp": 1616172610242,
        "family": "colors",
        "name": "frame_incognito",
        "was_default": true,
        "was_disabled": false,
        "set_to_default": false,
        "to_val": "rgba(236.997,236.997,236.997,1)",
        "to_picked_color_val": [
            236.997,
            236.997,
            236.997,
            1
        ],
        "to_manifest_val": [
            237,
            237,
            237
        ]
    },
    {
        "timestamp": 1616172615941,
        "family": "colors",
        "name": "frame_incognito_inactive",
        "was_default": true,
        "was_disabled": false,
        "set_to_default": false,
        "to_val": "rgba(236.997,236.997,236.997,1)",
        "to_picked_color_val": [
            236.997,
            236.997,
            236.997,
            1
        ],
        "to_manifest_val": [
            237,
            237,
            237
        ]
    },
    {
        "timestamp": 1616172621231,
        "family": "colors",
        "name": "background_tab",
        "was_default": true,
        "was_disabled": false,
        "set_to_default": false,
        "to_val": "rgba(236.997,236.997,236.997,1)",
        "to_picked_color_val": [
            236.997,
            236.997,
            236.997,
            1
        ],
        "to_manifest_val": [
            237,
            237,
            237
        ]
    },
    {
        "timestamp": 1616172629066,
        "family": "colors",
        "name": "background_tab_inactive",
        "was_default": true,
        "was_disabled": false,
        "set_to_default": false,
        "to_val": "rgba(236.997,236.997,236.997,1)",
        "to_picked_color_val": [
            236.997,
            236.997,
            236.997,
            1
        ],
        "to_manifest_val": [
            237,
            237,
            237
        ]
    },
    {
        "timestamp": 1616172633134,
        "family": "colors",
        "name": "background_tab_incognito",
        "was_default": true,
        "was_disabled": false,
        "set_to_default": false,
        "to_val": "rgba(236.997,236.997,236.997,1)",
        "to_picked_color_val": [
            236.997,
            236.997,
            236.997,
            1
        ],
        "to_manifest_val": [
            237,
            237,
            237
        ]
    },
    {
        "timestamp": 1616172637896,
        "family": "colors",
        "name": "background_tab_incognito_inactive",
        "was_default": true,
        "was_disabled": false,
        "set_to_default": false,
        "to_val": "rgba(236.997,236.997,236.997,1)",
        "to_picked_color_val": [
            236.997,
            236.997,
            236.997,
            1
        ],
        "to_manifest_val": [
            237,
            237,
            237
        ]
    },
    {
        "timestamp": 1616172646184,
        "family": "colors",
        "name": "omnibox_background",
        "was_default": true,
        "was_disabled": false,
        "set_to_default": false,
        "to_val": "rgba(236.997,236.997,236.997,1)",
        "to_picked_color_val": [
            236.997,
            236.997,
            236.997,
            1
        ],
        "to_manifest_val": [
            237,
            237,
            237
        ]
    },
    {
        "timestamp": 1616172667598,
        "family": "colors",
        "name": "omnibox_text",
        "was_default": true,
        "was_disabled": false,
        "set_to_default": false,
        "to_val": "rgba(191.9895,191.9895,191.9895,1)",
        "to_picked_color_val": [
            191.9895,
            191.9895,
            191.9895,
            1
        ],
        "to_manifest_val": [
            192,
            192,
            192
        ]
    },
    {
        "timestamp": 1616172674583,
        "family": "colors",
        "name": "tab_background_text",
        "was_default": true,
        "was_disabled": false,
        "set_to_default": false,
        "to_val": "rgba(191.9895,191.9895,191.9895,1)",
        "to_picked_color_val": [
            191.9895,
            191.9895,
            191.9895,
            1
        ],
        "to_manifest_val": [
            192,
            192,
            192
        ]
    },
    {
        "timestamp": 1616172678145,
        "family": "colors",
        "name": "tab_background_text_inactive",
        "was_default": true,
        "was_disabled": false,
        "set_to_default": false,
        "to_val": "rgba(191.9895,191.9895,191.9895,1)",
        "to_picked_color_val": [
            191.9895,
            191.9895,
            191.9895,
            1
        ],
        "to_manifest_val": [
            192,
            192,
            192
        ]
    },
    {
        "timestamp": 1616172682870,
        "family": "colors",
        "name": "tab_background_text_incognito",
        "was_default": true,
        "was_disabled": false,
        "set_to_default": false,
        "to_val": "rgba(191.9895,191.9895,191.9895,1)",
        "to_picked_color_val": [
            191.9895,
            191.9895,
            191.9895,
            1
        ],
        "to_manifest_val": [
            192,
            192,
            192
        ]
    },
    {
        "timestamp": 1616172686807,
        "family": "colors",
        "name": "tab_background_text_incognito_inactive",
        "was_default": true,
        "was_disabled": false,
        "set_to_default": false,
        "to_val": "rgba(191.9895,191.9895,191.9895,1)",
        "to_picked_color_val": [
            191.9895,
            191.9895,
            191.9895,
            1
        ],
        "to_manifest_val": [
            192,
            192,
            192
        ]
    },
    {
        "timestamp": 1616172713045,
        "family": "colors",
        "name": "tab_text",
        "was_default": true,
        "was_disabled": false,
        "set_to_default": false,
        "to_val": "rgba(98.991,98.991,98.991,1)",
        "to_picked_color_val": [
            98.991,
            98.991,
            98.991,
            1
        ],
        "to_manifest_val": [
            99,
            99,
            99
        ]
    },
    {
        "timestamp": 1616172716397,
        "family": "colors",
        "name": "bookmark_text",
        "was_default": true,
        "was_disabled": false,
        "set_to_default": false,
        "to_val": "rgba(98.991,98.991,98.991,1)",
        "to_picked_color_val": [
            98.991,
            98.991,
            98.991,
            1
        ],
        "to_manifest_val": [
            99,
            99,
            99
        ]
    },
    {
        "timestamp": 1616172722181,
        "family": "colors",
        "name": "toolbar_button_icon",
        "was_default": true,
        "was_disabled": false,
        "set_to_default": false,
        "to_val": "rgba(98.991,98.991,98.991,1)",
        "to_picked_color_val": [
            98.991,
            98.991,
            98.991,
            1
        ],
        "to_manifest_val": [
            99,
            99,
            99
        ]
    },
    {
        "timestamp": 1616172724103,
        "family": "colors",
        "name": "button_background",
        "was_default": true,
        "was_disabled": false,
        "set_to_default": false,
        "to_val": "rgba(98.991,98.991,98.991,1)",
        "to_picked_color_val": [
            98.991,
            98.991,
            98.991,
            1
        ],
        "to_manifest_val": [
            99,
            99,
            99
        ]
    },
    {
        "timestamp": 1616172729141,
        "family": "colors",
        "name": "ntp_text",
        "was_default": true,
        "was_disabled": false,
        "set_to_default": false,
        "to_val": "rgba(98.991,98.991,98.991,1)",
        "to_picked_color_val": [
            98.991,
            98.991,
            98.991,
            1
        ],
        "to_manifest_val": [
            99,
            99,
            99
        ]
    },
    {
        "timestamp": 1616172730778,
        "family": "colors",
        "name": "ntp_link",
        "was_default": true,
        "was_disabled": false,
        "set_to_default": false,
        "to_val": "rgba(98.991,98.991,98.991,1)",
        "to_picked_color_val": [
            98.991,
            98.991,
            98.991,
            1
        ],
        "to_manifest_val": [
            99,
            99,
            99
        ]
    },
    {
        "timestamp": 1616172732740,
        "family": "colors",
        "name": "ntp_header",
        "was_default": true,
        "was_disabled": false,
        "set_to_default": false,
        "to_val": "rgba(98.991,98.991,98.991,1)",
        "to_picked_color_val": [
            98.991,
            98.991,
            98.991,
            1
        ],
        "to_manifest_val": [
            99,
            99,
            99
        ]
    },
    {
        "timestamp": 1616172989906,
        "family": "colors",
        "name": "omnibox_background",
        "was_default": false,
        "was_disabled": false,
        "set_to_default": false,
        "from_val": "rgba(236.997,236.997,236.997,1)",
        "from_picked_color_val": [
            236.997,
            236.997,
            236.997,
            1
        ],
        "from_manifest_val": [
            237,
            237,
            237
        ],
        "to_val": "rgba(236.997,236.997,236.997,1)",
        "to_picked_color_val": [
            236.997,
            236.997,
            236.997,
            1
        ],
        "to_manifest_val": [
            237,
            237,
            237
        ]
    },
    {
        "timestamp": 1616172992339,
        "family": "colors",
        "name": "omnibox_background",
        "was_default": false,
        "was_disabled": false,
        "set_to_default": false,
        "from_val": "rgba(236.997,236.997,236.997,1)",
        "from_picked_color_val": [
            236.997,
            236.997,
            236.997,
            1
        ],
        "from_manifest_val": [
            237,
            237,
            237
        ],
        "to_val": "rgba(236.997,236.997,236.997,1)",
        "to_picked_color_val": [
            236.997,
            236.997,
            236.997,
            1
        ],
        "to_manifest_val": [
            237,
            237,
            237
        ]
    },
    {
        "timestamp": 1616173002507,
        "family": "colors",
        "name": "tab_text",
        "was_default": false,
        "was_disabled": false,
        "set_to_default": false,
        "from_val": "rgba(98.991,98.991,98.991,1)",
        "from_picked_color_val": [
            98.991,
            98.991,
            98.991,
            1
        ],
        "from_manifest_val": [
            99,
            99,
            99
        ],
        "to_val": "rgba(134.99699999999999,33.00676650000001,57.00446850000001,1)",
        "to_picked_color_val": [
            134.99699999999999,
            33.00676650000001,
            57.00446850000001,
            1
        ],
        "to_manifest_val": [
            135,
            33,
            57
        ]
    },
    {
        "timestamp": 1616173034187,
        "family": "colors",
        "name": "omnibox_text",
        "was_default": false,
        "was_disabled": false,
        "set_to_default": false,
        "from_val": "rgba(191.9895,191.9895,191.9895,1)",
        "from_picked_color_val": [
            191.9895,
            191.9895,
            191.9895,
            1
        ],
        "from_manifest_val": [
            192,
            192,
            192
        ],
        "to_val": "rgba(134.99699999999999,33.00676650000001,57.00446850000001,1)",
        "to_picked_color_val": [
            134.99699999999999,
            33.00676650000001,
            57.00446850000001,
            1
        ],
        "to_manifest_val": [
            135,
            33,
            57
        ]
    },
    {
        "timestamp": 1616173078268,
        "family": "colors",
        "name": "toolbar_button_icon",
        "was_default": false,
        "was_disabled": false,
        "set_to_default": false,
        "from_val": "rgba(98.991,98.991,98.991,1)",
        "from_picked_color_val": [
            98.991,
            98.991,
            98.991,
            1
        ],
        "from_manifest_val": [
            99,
            99,
            99
        ],
        "to_val": "rgba(134.99699999999999,33.00676650000001,57.00446850000001,1)",
        "to_picked_color_val": [
            134.99699999999999,
            33.00676650000001,
            57.00446850000001,
            1
        ],
        "to_manifest_val": [
            135,
            33,
            57
        ]
    },
    {
        "timestamp": 1616173114277,
        "family": "colors",
        "name": "tab_text",
        "was_default": false,
        "was_disabled": false,
        "set_to_default": false,
        "from_val": "rgba(134.99699999999999,33.00676650000001,57.00446850000001,1)",
        "from_picked_color_val": [
            134.99699999999999,
            33.00676650000001,
            57.00446850000001,
            1
        ],
        "from_manifest_val": [
            135,
            33,
            57
        ],
        "to_val": "rgba(134.99699999999999,33.00676650000001,57.00446850000001,1)",
        "to_picked_color_val": [
            134.99699999999999,
            33.00676650000001,
            57.00446850000001,
            1
        ],
        "to_manifest_val": [
            135,
            33,
            57
        ]
    },
    {
        "timestamp": 1616173121397,
        "family": "colors",
        "name": "tab_text",
        "was_default": false,
        "was_disabled": false,
        "set_to_default": false,
        "from_val": "rgba(134.99699999999999,33.00676650000001,57.00446850000001,1)",
        "from_picked_color_val": [
            134.99699999999999,
            33.00676650000001,
            57.00446850000001,
            1
        ],
        "from_manifest_val": [
            135,
            33,
            57
        ],
        "to_val": "rgba(102.9935361,230.97899999999998,217.98047632265624,1)",
        "to_picked_color_val": [
            102.9935361,
            230.97899999999998,
            217.98047632265624,
            1
        ],
        "to_manifest_val": [
            103,
            231,
            218
        ]
    },
    {
        "timestamp": 1616173126110,
        "family": "colors",
        "name": "omnibox_text",
        "was_default": false,
        "was_disabled": false,
        "set_to_default": false,
        "from_val": "rgba(134.99699999999999,33.00676650000001,57.00446850000001,1)",
        "from_picked_color_val": [
            134.99699999999999,
            33.00676650000001,
            57.00446850000001,
            1
        ],
        "from_manifest_val": [
            135,
            33,
            57
        ],
        "to_val": "rgba(102.9935361,230.97899999999998,217.98047632265624,1)",
        "to_picked_color_val": [
            102.9935361,
            230.97899999999998,
            217.98047632265624,
            1
        ],
        "to_manifest_val": [
            103,
            231,
            218
        ]
    },
    {
        "timestamp": 1616173129233,
        "family": "colors",
        "name": "toolbar_button_icon",
        "was_default": false,
        "was_disabled": false,
        "set_to_default": false,
        "from_val": "rgba(134.99699999999999,33.00676650000001,57.00446850000001,1)",
        "from_picked_color_val": [
            134.99699999999999,
            33.00676650000001,
            57.00446850000001,
            1
        ],
        "from_manifest_val": [
            135,
            33,
            57
        ],
        "to_val": "rgba(102.9935361,230.97899999999998,217.98047632265624,1)",
        "to_picked_color_val": [
            102.9935361,
            230.97899999999998,
            217.98047632265624,
            1
        ],
        "to_manifest_val": [
            103,
            231,
            218
        ]
    },
    {
        "timestamp": 1616173147898,
        "family": "colors",
        "name": "toolbar_button_icon",
        "was_default": false,
        "was_disabled": false,
        "set_to_default": false,
        "from_val": "rgba(102.9935361,230.97899999999998,217.98047632265624,1)",
        "from_picked_color_val": [
            102.9935361,
            230.97899999999998,
            217.98047632265624,
            1
        ],
        "from_manifest_val": [
            103,
            231,
            218
        ],
        "to_val": "rgba(98.991,98.991,98.991,1)",
        "to_picked_color_val": [
            98.991,
            98.991,
            98.991,
            1
        ],
        "to_manifest_val": [
            99,
            99,
            99
        ]
    },
    {
        "timestamp": 1616182544751,
        "family": "theme_metadata",
        "name": "name",
        "locale": "en",
        "from_val": "Amana",
        "to_val": "Amana-Light\n"
    },
    {
        "timestamp": 1616182545851,
        "family": "theme_metadata",
        "name": "name",
        "locale": "en",
        "from_val": "Amana-Light\n",
        "to_val": "Amana-Light"
    },
    {
        "timestamp": 1616182585836,
        "family": "properties",
        "name": "ntp_logo_alternate",
        "was_default": true,
        "set_to_default": false,
        "from_val": "default",
        "to_val": "1"
    },
    {
        "timestamp": 1616182768029,
        "family": "colors",
        "name": "tab_text",
        "was_default": false,
        "was_disabled": false,
        "set_to_default": false,
        "from_val": "rgba(102.9935361,230.97899999999998,217.98047632265624,1)",
        "from_picked_color_val": [
            102.9935361,
            230.97899999999998,
            217.98047632265624,
            1
        ],
        "from_manifest_val": [
            103,
            231,
            218
        ],
        "to_val": "rgba(98.991,98.991,98.991,1)",
        "to_picked_color_val": [
            98.991,
            98.991,
            98.991,
            1
        ],
        "to_manifest_val": [
            99,
            99,
            99
        ]
    },
    {
        "timestamp": 1616182770823,
        "family": "colors",
        "name": "omnibox_text",
        "was_default": false,
        "was_disabled": false,
        "set_to_default": false,
        "from_val": "rgba(102.9935361,230.97899999999998,217.98047632265624,1)",
        "from_picked_color_val": [
            102.9935361,
            230.97899999999998,
            217.98047632265624,
            1
        ],
        "from_manifest_val": [
            103,
            231,
            218
        ],
        "to_val": "rgba(98.991,98.991,98.991,1)",
        "to_picked_color_val": [
            98.991,
            98.991,
            98.991,
            1
        ],
        "to_manifest_val": [
            99,
            99,
            99
        ]
    },
    {
        "timestamp": 1616182818932,
        "family": "colors",
        "name": "ntp_background",
        "was_default": false,
        "was_disabled": false,
        "set_to_default": false,
        "from_val": "rgba(255,255,255,1)",
        "from_picked_color_val": [
            255,
            255,
            255,
            1
        ],
        "from_manifest_val": [
            255,
            255,
            255
        ],
        "to_val": "rgba(22.9755,22.9755,22.9755,1)",
        "to_picked_color_val": [
            22.9755,
            22.9755,
            22.9755,
            1
        ],
        "to_manifest_val": [
            23,
            23,
            23
        ]
    },
    {
        "timestamp": 1616182890537,
        "family": "colors",
        "name": "ntp_background",
        "was_default": false,
        "was_disabled": false,
        "set_to_default": false,
        "from_val": "rgba(22.9755,22.9755,22.9755,1)",
        "from_picked_color_val": [
            22.9755,
            22.9755,
            22.9755,
            1
        ],
        "from_manifest_val": [
            23,
            23,
            23
        ],
        "to_val": "rgba(191.9895,191.9895,191.9895,1)",
        "to_picked_color_val": [
            191.9895,
            191.9895,
            191.9895,
            1
        ],
        "to_manifest_val": [
            192,
            192,
            192
        ]
    },
    {
        "timestamp": 1616182940473,
        "family": "colors",
        "name": "ntp_background",
        "was_default": false,
        "was_disabled": false,
        "set_to_default": false,
        "from_val": "rgba(191.9895,191.9895,191.9895,1)",
        "from_picked_color_val": [
            191.9895,
            191.9895,
            191.9895,
            1
        ],
        "from_manifest_val": [
            192,
            192,
            192
        ],
        "to_val": "rgba(191.9895,191.9895,191.9895,1)",
        "to_picked_color_val": [
            191.9895,
            191.9895,
            191.9895,
            1
        ],
        "to_manifest_val": [
            192,
            192,
            192
        ]
    },
    {
        "timestamp": 1616182945563,
        "family": "colors",
        "name": "ntp_background",
        "was_default": false,
        "was_disabled": false,
        "set_to_default": false,
        "from_val": "rgba(191.9895,191.9895,191.9895,1)",
        "from_picked_color_val": [
            191.9895,
            191.9895,
            191.9895,
            1
        ],
        "from_manifest_val": [
            192,
            192,
            192
        ],
        "to_val": "rgba(236.997,236.997,236.997,1)",
        "to_picked_color_val": [
            236.997,
            236.997,
            236.997,
            1
        ],
        "to_manifest_val": [
            237,
            237,
            237
        ]
    },
    {
        "timestamp": 1616264003028,
        "family": "theme_metadata",
        "name": "name",
        "locale": "en",
        "from_val": "Amana-Light",
        "to_val": "Amana-Light-Midtone"
    },
    {
        "timestamp": 1616264042082,
        "family": "colors",
        "name": "omnibox_background",
        "was_default": false,
        "was_disabled": false,
        "set_to_default": false,
        "from_val": "rgba(236.997,236.997,236.997,1)",
        "from_picked_color_val": [
            236.997,
            236.997,
            236.997,
            1
        ],
        "from_manifest_val": [
            237,
            237,
            237
        ],
        "to_val": "rgba(98.991,98.991,98.991,1)",
        "to_picked_color_val": [
            98.991,
            98.991,
            98.991,
            1
        ],
        "to_manifest_val": [
            99,
            99,
            99
        ]
    },
    {
        "timestamp": 1616264094508,
        "family": "colors",
        "name": "omnibox_text",
        "was_default": false,
        "was_disabled": false,
        "set_to_default": false,
        "from_val": "rgba(98.991,98.991,98.991,1)",
        "from_picked_color_val": [
            98.991,
            98.991,
            98.991,
            1
        ],
        "from_manifest_val": [
            99,
            99,
            99
        ],
        "to_val": "rgba(191.9895,191.9895,191.9895,1)",
        "to_picked_color_val": [
            191.9895,
            191.9895,
            191.9895,
            1
        ],
        "to_manifest_val": [
            192,
            192,
            192
        ]
    },
    {
        "timestamp": 1616264156076,
        "family": "theme_metadata",
        "name": "name",
        "locale": "en",
        "from_val": "Amana-Light-Midtone",
        "to_val": "Amana-Lightmid"
    },
    {
        "timestamp": 1616264159847,
        "family": "theme_metadata",
        "name": "name",
        "locale": "en",
        "from_val": "Amana-Lightmid",
        "to_val": "Amana-LightMid"
    },
    {
        "timestamp": 1616264239636,
        "family": "theme_metadata",
        "name": "name",
        "locale": "en",
        "from_val": "Amana-LightMid",
        "to_val": "Amana-LightMid-BLACK"
    },
    {
        "timestamp": 1616264274112,
        "family": "colors",
        "name": "omnibox_text",
        "was_default": false,
        "was_disabled": false,
        "set_to_default": false,
        "from_val": "rgba(191.9895,191.9895,191.9895,1)",
        "from_picked_color_val": [
            191.9895,
            191.9895,
            191.9895,
            1
        ],
        "from_manifest_val": [
            192,
            192,
            192
        ],
        "to_val": "rgba(201.00018000000017,204,24.010799999999985,1)",
        "to_picked_color_val": [
            201.00018000000017,
            204,
            24.010799999999985,
            1
        ],
        "to_manifest_val": [
            201,
            204,
            24
        ]
    },
    {
        "timestamp": 1616270851885,
        "family": "theme_metadata",
        "name": "description",
        "locale": "en",
        "from_val": "",
        "to_val": "Another theme release to compliment niivu's Amana suite, check out https://www.deviantart.com/sublime9-design for more chrome themes"
    },
    {
        "timestamp": 1616271740148,
        "family": "theme_metadata",
        "name": "name",
        "locale": "en",
        "from_val": "Amana-LightMid-BLACK",
        "to_val": "AMANA-LightMid-BLACK"
    },
    {
        "timestamp": 1616271744432,
        "family": "theme_metadata",
        "name": "name",
        "locale": "en",
        "from_val": "AMANA-LightMid-BLACK",
        "to_val": "AMANA-LightMid-BLACK"
    }
]
