[
    {
        "timestamp": 1616172547994,
        "family": "theme_metadata",
        "name": "name",
        "locale": "en",
        "from_val": "",
        "to_val": "Amana"
    },
    {
        "timestamp": 1616172560231,
        "family": "colors",
        "name": "ntp_background",
        "was_default": true,
        "was_disabled": false,
        "set_to_default": false,
        "to_val": "rgba(236.997,236.997,236.997,1)",
        "to_picked_color_val": [
            236.997,
            236.997,
            236.997,
            1
        ],
        "to_manifest_val": [
            237,
            237,
            237
        ]
    },
    {
        "timestamp": 1616172576075,
        "family": "colors",
        "name": "ntp_background",
        "was_default": false,
        "was_disabled": false,
        "set_to_default": false,
        "from_val": "rgba(236.997,236.997,236.997,1)",
        "from_picked_color_val": [
            236.997,
            236.997,
            236.997,
            1
        ],
        "from_manifest_val": [
            237,
            237,
            237
        ],
        "to_val": "rgba(255,255,255,1)",
        "to_picked_color_val": [
            255,
            255,
            255,
            1
        ],
        "to_manifest_val": [
            255,
            255,
            255
        ]
    },
    {
        "timestamp": 1616172579868,
        "family": "colors",
        "name": "toolbar",
        "was_default": true,
        "was_disabled": false,
        "set_to_default": false,
        "to_val": "rgba(56.0235,146.01287185929647,255,1)",
        "to_picked_color_val": [
            56.0235,
            146.01287185929647,
            255,
            1
        ],
        "to_manifest_val": [
            56,
            146,
            255
        ]
    },
    {
        "timestamp": 1616172585717,
        "family": "colors",
        "name": "toolbar",
        "was_default": false,
        "was_disabled": false,
        "set_to_default": false,
        "from_val": "rgba(56.0235,146.01287185929647,255,1)",
        "from_picked_color_val": [
            56.0235,
            146.01287185929647,
            255,
            1
        ],
        "from_manifest_val": [
            56,
            146,
            255
        ],
        "to_val": "rgba(255,255,255,1)",
        "to_picked_color_val": [
            255,
            255,
            255,
            1
        ],
        "to_manifest_val": [
            255,
            255,
            255
        ]
    },
    {
        "timestamp": 1616172591093,
        "family": "colors",
        "name": "frame",
        "was_default": true,
        "was_disabled": false,
        "set_to_default": false,
        "to_val": "rgba(255,255,255,1)",
        "to_picked_color_val": [
            255,
            255,
            255,
            1
        ],
        "to_manifest_val": [
            255,
            255,
            255
        ]
    },
    {
        "timestamp": 1616172604888,
        "family": "colors",
        "name": "frame_inactive",
        "was_default": true,
        "was_disabled": false,
        "set_to_default": false,
        "to_val": "rgba(236.997,236.997,236.997,1)",
        "to_picked_color_val": [
            236.997,
            236.997,
            236.997,
            1
        ],
        "to_manifest_val": [
            237,
            237,
            237
        ]
    },
    {
        "timestamp": 1616172610242,
        "family": "colors",
        "name": "frame_incognito",
        "was_default": true,
        "was_disabled": false,
        "set_to_default": false,
        "to_val": "rgba(236.997,236.997,236.997,1)",
        "to_picked_color_val": [
            236.997,
            236.997,
            236.997,
            1
        ],
        "to_manifest_val": [
            237,
            237,
            237
        ]
    },
    {
        "timestamp": 1616172615941,
        "family": "colors",
        "name": "frame_incognito_inactive",
        "was_default": true,
        "was_disabled": false,
        "set_to_default": false,
        "to_val": "rgba(236.997,236.997,236.997,1)",
        "to_picked_color_val": [
            236.997,
            236.997,
            236.997,
            1
        ],
        "to_manifest_val": [
            237,
            237,
            237
        ]
    },
    {
        "timestamp": 1616172621231,
        "family": "colors",
        "name": "background_tab",
        "was_default": true,
        "was_disabled": false,
        "set_to_default": false,
        "to_val": "rgba(236.997,236.997,236.997,1)",
        "to_picked_color_val": [
            236.997,
            236.997,
            236.997,
            1
        ],
        "to_manifest_val": [
            237,
            237,
            237
        ]
    },
    {
        "timestamp": 1616172629066,
        "family": "colors",
        "name": "background_tab_inactive",
        "was_default": true,
        "was_disabled": false,
        "set_to_default": false,
        "to_val": "rgba(236.997,236.997,236.997,1)",
        "to_picked_color_val": [
            236.997,
            236.997,
            236.997,
            1
        ],
        "to_manifest_val": [
            237,
            237,
            237
        ]
    },
    {
        "timestamp": 1616172633134,
        "family": "colors",
        "name": "background_tab_incognito",
        "was_default": true,
        "was_disabled": false,
        "set_to_default": false,
        "to_val": "rgba(236.997,236.997,236.997,1)",
        "to_picked_color_val": [
            236.997,
            236.997,
            236.997,
            1
        ],
        "to_manifest_val": [
            237,
            237,
            237
        ]
    },
    {
        "timestamp": 1616172637896,
        "family": "colors",
        "name": "background_tab_incognito_inactive",
        "was_default": true,
        "was_disabled": false,
        "set_to_default": false,
        "to_val": "rgba(236.997,236.997,236.997,1)",
        "to_picked_color_val": [
            236.997,
            236.997,
            236.997,
            1
        ],
        "to_manifest_val": [
            237,
            237,
            237
        ]
    },
    {
        "timestamp": 1616172646184,
        "family": "colors",
        "name": "omnibox_background",
        "was_default": true,
        "was_disabled": false,
        "set_to_default": false,
        "to_val": "rgba(236.997,236.997,236.997,1)",
        "to_picked_color_val": [
            236.997,
            236.997,
            236.997,
            1
        ],
        "to_manifest_val": [
            237,
            237,
            237
        ]
    },
    {
        "timestamp": 1616172667598,
        "family": "colors",
        "name": "omnibox_text",
        "was_default": true,
        "was_disabled": false,
        "set_to_default": false,
        "to_val": "rgba(191.9895,191.9895,191.9895,1)",
        "to_picked_color_val": [
            191.9895,
            191.9895,
            191.9895,
            1
        ],
        "to_manifest_val": [
            192,
            192,
            192
        ]
    },
    {
        "timestamp": 1616172674583,
        "family": "colors",
        "name": "tab_background_text",
        "was_default": true,
        "was_disabled": false,
        "set_to_default": false,
        "to_val": "rgba(191.9895,191.9895,191.9895,1)",
        "to_picked_color_val": [
            191.9895,
            191.9895,
            191.9895,
            1
        ],
        "to_manifest_val": [
            192,
            192,
            192
        ]
    },
    {
        "timestamp": 1616172678145,
        "family": "colors",
        "name": "tab_background_text_inactive",
        "was_default": true,
        "was_disabled": false,
        "set_to_default": false,
        "to_val": "rgba(191.9895,191.9895,191.9895,1)",
        "to_picked_color_val": [
            191.9895,
            191.9895,
            191.9895,
            1
        ],
        "to_manifest_val": [
            192,
            192,
            192
        ]
    },
    {
        "timestamp": 1616172682870,
        "family": "colors",
        "name": "tab_background_text_incognito",
        "was_default": true,
        "was_disabled": false,
        "set_to_default": false,
        "to_val": "rgba(191.9895,191.9895,191.9895,1)",
        "to_picked_color_val": [
            191.9895,
            191.9895,
            191.9895,
            1
        ],
        "to_manifest_val": [
            192,
            192,
            192
        ]
    },
    {
        "timestamp": 1616172686807,
        "family": "colors",
        "name": "tab_background_text_incognito_inactive",
        "was_default": true,
        "was_disabled": false,
        "set_to_default": false,
        "to_val": "rgba(191.9895,191.9895,191.9895,1)",
        "to_picked_color_val": [
            191.9895,
            191.9895,
            191.9895,
            1
        ],
        "to_manifest_val": [
            192,
            192,
            192
        ]
    },
    {
        "timestamp": 1616172713045,
        "family": "colors",
        "name": "tab_text",
        "was_default": true,
        "was_disabled": false,
        "set_to_default": false,
        "to_val": "rgba(98.991,98.991,98.991,1)",
        "to_picked_color_val": [
            98.991,
            98.991,
            98.991,
            1
        ],
        "to_manifest_val": [
            99,
            99,
            99
        ]
    },
    {
        "timestamp": 1616172716397,
        "family": "colors",
        "name": "bookmark_text",
        "was_default": true,
        "was_disabled": false,
        "set_to_default": false,
        "to_val": "rgba(98.991,98.991,98.991,1)",
        "to_picked_color_val": [
            98.991,
            98.991,
            98.991,
            1
        ],
        "to_manifest_val": [
            99,
            99,
            99
        ]
    },
    {
        "timestamp": 1616172722181,
        "family": "colors",
        "name": "toolbar_button_icon",
        "was_default": true,
        "was_disabled": false,
        "set_to_default": false,
        "to_val": "rgba(98.991,98.991,98.991,1)",
        "to_picked_color_val": [
            98.991,
            98.991,
            98.991,
            1
        ],
        "to_manifest_val": [
            99,
            99,
            99
        ]
    },
    {
        "timestamp": 1616172724103,
        "family": "colors",
        "name": "button_background",
        "was_default": true,
        "was_disabled": false,
        "set_to_default": false,
        "to_val": "rgba(98.991,98.991,98.991,1)",
        "to_picked_color_val": [
            98.991,
            98.991,
            98.991,
            1
        ],
        "to_manifest_val": [
            99,
            99,
            99
        ]
    },
    {
        "timestamp": 1616172729141,
        "family": "colors",
        "name": "ntp_text",
        "was_default": true,
        "was_disabled": false,
        "set_to_default": false,
        "to_val": "rgba(98.991,98.991,98.991,1)",
        "to_picked_color_val": [
            98.991,
            98.991,
            98.991,
            1
        ],
        "to_manifest_val": [
            99,
            99,
            99
        ]
    },
    {
        "timestamp": 1616172730778,
        "family": "colors",
        "name": "ntp_link",
        "was_default": true,
        "was_disabled": false,
        "set_to_default": false,
        "to_val": "rgba(98.991,98.991,98.991,1)",
        "to_picked_color_val": [
            98.991,
            98.991,
            98.991,
            1
        ],
        "to_manifest_val": [
            99,
            99,
            99
        ]
    },
    {
        "timestamp": 1616172732740,
        "family": "colors",
        "name": "ntp_header",
        "was_default": true,
        "was_disabled": false,
        "set_to_default": false,
        "to_val": "rgba(98.991,98.991,98.991,1)",
        "to_picked_color_val": [
            98.991,
            98.991,
            98.991,
            1
        ],
        "to_manifest_val": [
            99,
            99,
            99
        ]
    },
    {
        "timestamp": 1616173463094,
        "family": "colors",
        "name": "ntp_background",
        "was_default": false,
        "was_disabled": false,
        "set_to_default": false,
        "from_val": "rgba(255,255,255,1)",
        "from_picked_color_val": [
            255,
            255,
            255,
            1
        ],
        "from_manifest_val": [
            255,
            255,
            255
        ],
        "to_val": "rgba(20.9865,20.9865,20.9865,1)",
        "to_picked_color_val": [
            20.9865,
            20.9865,
            20.9865,
            1
        ],
        "to_manifest_val": [
            21,
            21,
            21
        ]
    },
    {
        "timestamp": 1616173471723,
        "family": "colors",
        "name": "toolbar",
        "was_default": false,
        "was_disabled": false,
        "set_to_default": false,
        "from_val": "rgba(255,255,255,1)",
        "from_picked_color_val": [
            255,
            255,
            255,
            1
        ],
        "from_manifest_val": [
            255,
            255,
            255
        ],
        "to_val": "rgba(20.9865,20.9865,20.9865,1)",
        "to_picked_color_val": [
            20.9865,
            20.9865,
            20.9865,
            1
        ],
        "to_manifest_val": [
            21,
            21,
            21
        ]
    },
    {
        "timestamp": 1616173473954,
        "family": "colors",
        "name": "frame",
        "was_default": false,
        "was_disabled": false,
        "set_to_default": false,
        "from_val": "rgba(255,255,255,1)",
        "from_picked_color_val": [
            255,
            255,
            255,
            1
        ],
        "from_manifest_val": [
            255,
            255,
            255
        ],
        "to_val": "rgba(20.9865,20.9865,20.9865,1)",
        "to_picked_color_val": [
            20.9865,
            20.9865,
            20.9865,
            1
        ],
        "to_manifest_val": [
            21,
            21,
            21
        ]
    },
    {
        "timestamp": 1616173479675,
        "family": "colors",
        "name": "frame_inactive",
        "was_default": false,
        "was_disabled": false,
        "set_to_default": false,
        "from_val": "rgba(236.997,236.997,236.997,1)",
        "from_picked_color_val": [
            236.997,
            236.997,
            236.997,
            1
        ],
        "from_manifest_val": [
            237,
            237,
            237
        ],
        "to_val": "rgba(20.9865,20.9865,20.9865,1)",
        "to_picked_color_val": [
            20.9865,
            20.9865,
            20.9865,
            1
        ],
        "to_manifest_val": [
            21,
            21,
            21
        ]
    },
    {
        "timestamp": 1616173482807,
        "family": "colors",
        "name": "frame_incognito",
        "was_default": false,
        "was_disabled": false,
        "set_to_default": false,
        "from_val": "rgba(236.997,236.997,236.997,1)",
        "from_picked_color_val": [
            236.997,
            236.997,
            236.997,
            1
        ],
        "from_manifest_val": [
            237,
            237,
            237
        ],
        "to_val": "rgba(20.9865,20.9865,20.9865,1)",
        "to_picked_color_val": [
            20.9865,
            20.9865,
            20.9865,
            1
        ],
        "to_manifest_val": [
            21,
            21,
            21
        ]
    },
    {
        "timestamp": 1616173485029,
        "family": "colors",
        "name": "frame_incognito_inactive",
        "was_default": false,
        "was_disabled": false,
        "set_to_default": false,
        "from_val": "rgba(236.997,236.997,236.997,1)",
        "from_picked_color_val": [
            236.997,
            236.997,
            236.997,
            1
        ],
        "from_manifest_val": [
            237,
            237,
            237
        ],
        "to_val": "rgba(20.9865,20.9865,20.9865,1)",
        "to_picked_color_val": [
            20.9865,
            20.9865,
            20.9865,
            1
        ],
        "to_manifest_val": [
            21,
            21,
            21
        ]
    },
    {
        "timestamp": 1616173491059,
        "family": "colors",
        "name": "background_tab",
        "was_default": false,
        "was_disabled": false,
        "set_to_default": false,
        "from_val": "rgba(236.997,236.997,236.997,1)",
        "from_picked_color_val": [
            236.997,
            236.997,
            236.997,
            1
        ],
        "from_manifest_val": [
            237,
            237,
            237
        ],
        "to_val": "rgba(20.9865,20.9865,20.9865,1)",
        "to_picked_color_val": [
            20.9865,
            20.9865,
            20.9865,
            1
        ],
        "to_manifest_val": [
            21,
            21,
            21
        ]
    },
    {
        "timestamp": 1616173492795,
        "family": "colors",
        "name": "background_tab_inactive",
        "was_default": false,
        "was_disabled": false,
        "set_to_default": false,
        "from_val": "rgba(236.997,236.997,236.997,1)",
        "from_picked_color_val": [
            236.997,
            236.997,
            236.997,
            1
        ],
        "from_manifest_val": [
            237,
            237,
            237
        ],
        "to_val": "rgba(20.9865,20.9865,20.9865,1)",
        "to_picked_color_val": [
            20.9865,
            20.9865,
            20.9865,
            1
        ],
        "to_manifest_val": [
            21,
            21,
            21
        ]
    },
    {
        "timestamp": 1616173494672,
        "family": "colors",
        "name": "background_tab_incognito",
        "was_default": false,
        "was_disabled": false,
        "set_to_default": false,
        "from_val": "rgba(236.997,236.997,236.997,1)",
        "from_picked_color_val": [
            236.997,
            236.997,
            236.997,
            1
        ],
        "from_manifest_val": [
            237,
            237,
            237
        ],
        "to_val": "rgba(20.9865,20.9865,20.9865,1)",
        "to_picked_color_val": [
            20.9865,
            20.9865,
            20.9865,
            1
        ],
        "to_manifest_val": [
            21,
            21,
            21
        ]
    },
    {
        "timestamp": 1616173496738,
        "family": "colors",
        "name": "background_tab_incognito_inactive",
        "was_default": false,
        "was_disabled": false,
        "set_to_default": false,
        "from_val": "rgba(236.997,236.997,236.997,1)",
        "from_picked_color_val": [
            236.997,
            236.997,
            236.997,
            1
        ],
        "from_manifest_val": [
            237,
            237,
            237
        ],
        "to_val": "rgba(20.9865,20.9865,20.9865,1)",
        "to_picked_color_val": [
            20.9865,
            20.9865,
            20.9865,
            1
        ],
        "to_manifest_val": [
            21,
            21,
            21
        ]
    },
    {
        "timestamp": 1616173513230,
        "family": "colors",
        "name": "omnibox_background",
        "was_default": false,
        "was_disabled": false,
        "set_to_default": false,
        "from_val": "rgba(236.997,236.997,236.997,1)",
        "from_picked_color_val": [
            236.997,
            236.997,
            236.997,
            1
        ],
        "from_manifest_val": [
            237,
            237,
            237
        ],
        "to_val": "rgba(20.9865,20.9865,20.9865,1)",
        "to_picked_color_val": [
            20.9865,
            20.9865,
            20.9865,
            1
        ],
        "to_manifest_val": [
            21,
            21,
            21
        ]
    },
    {
        "timestamp": 1616173526600,
        "family": "colors",
        "name": "bookmark_text",
        "was_default": false,
        "was_disabled": false,
        "set_to_default": false,
        "from_val": "rgba(98.991,98.991,98.991,1)",
        "from_picked_color_val": [
            98.991,
            98.991,
            98.991,
            1
        ],
        "from_manifest_val": [
            99,
            99,
            99
        ],
        "to_val": "rgba(191.9895,191.9895,191.9895,1)",
        "to_picked_color_val": [
            191.9895,
            191.9895,
            191.9895,
            1
        ],
        "to_manifest_val": [
            192,
            192,
            192
        ]
    },
    {
        "timestamp": 1616173533309,
        "family": "colors",
        "name": "tab_text",
        "was_default": false,
        "was_disabled": false,
        "set_to_default": false,
        "from_val": "rgba(98.991,98.991,98.991,1)",
        "from_picked_color_val": [
            98.991,
            98.991,
            98.991,
            1
        ],
        "from_manifest_val": [
            99,
            99,
            99
        ],
        "to_val": "rgba(191.9895,191.9895,191.9895,1)",
        "to_picked_color_val": [
            191.9895,
            191.9895,
            191.9895,
            1
        ],
        "to_manifest_val": [
            192,
            192,
            192
        ]
    },
    {
        "timestamp": 1616173544463,
        "family": "colors",
        "name": "tab_background_text",
        "was_default": false,
        "was_disabled": false,
        "set_to_default": false,
        "from_val": "rgba(191.9895,191.9895,191.9895,1)",
        "from_picked_color_val": [
            191.9895,
            191.9895,
            191.9895,
            1
        ],
        "from_manifest_val": [
            192,
            192,
            192
        ],
        "to_val": "rgba(98.991,98.991,98.991,1)",
        "to_picked_color_val": [
            98.991,
            98.991,
            98.991,
            1
        ],
        "to_manifest_val": [
            99,
            99,
            99
        ]
    },
    {
        "timestamp": 1616173545899,
        "family": "colors",
        "name": "tab_background_text_inactive",
        "was_default": false,
        "was_disabled": false,
        "set_to_default": false,
        "from_val": "rgba(191.9895,191.9895,191.9895,1)",
        "from_picked_color_val": [
            191.9895,
            191.9895,
            191.9895,
            1
        ],
        "from_manifest_val": [
            192,
            192,
            192
        ],
        "to_val": "rgba(98.991,98.991,98.991,1)",
        "to_picked_color_val": [
            98.991,
            98.991,
            98.991,
            1
        ],
        "to_manifest_val": [
            99,
            99,
            99
        ]
    },
    {
        "timestamp": 1616173547440,
        "family": "colors",
        "name": "tab_background_text_incognito",
        "was_default": false,
        "was_disabled": false,
        "set_to_default": false,
        "from_val": "rgba(191.9895,191.9895,191.9895,1)",
        "from_picked_color_val": [
            191.9895,
            191.9895,
            191.9895,
            1
        ],
        "from_manifest_val": [
            192,
            192,
            192
        ],
        "to_val": "rgba(98.991,98.991,98.991,1)",
        "to_picked_color_val": [
            98.991,
            98.991,
            98.991,
            1
        ],
        "to_manifest_val": [
            99,
            99,
            99
        ]
    },
    {
        "timestamp": 1616173551022,
        "family": "colors",
        "name": "tab_background_text_incognito_inactive",
        "was_default": false,
        "was_disabled": false,
        "set_to_default": false,
        "from_val": "rgba(191.9895,191.9895,191.9895,1)",
        "from_picked_color_val": [
            191.9895,
            191.9895,
            191.9895,
            1
        ],
        "from_manifest_val": [
            192,
            192,
            192
        ],
        "to_val": "rgba(98.991,98.991,98.991,1)",
        "to_picked_color_val": [
            98.991,
            98.991,
            98.991,
            1
        ],
        "to_manifest_val": [
            99,
            99,
            99
        ]
    },
    {
        "timestamp": 1616173553549,
        "family": "colors",
        "name": "omnibox_text",
        "was_default": false,
        "was_disabled": false,
        "set_to_default": false,
        "from_val": "rgba(191.9895,191.9895,191.9895,1)",
        "from_picked_color_val": [
            191.9895,
            191.9895,
            191.9895,
            1
        ],
        "from_manifest_val": [
            192,
            192,
            192
        ],
        "to_val": "rgba(98.991,98.991,98.991,1)",
        "to_picked_color_val": [
            98.991,
            98.991,
            98.991,
            1
        ],
        "to_manifest_val": [
            99,
            99,
            99
        ]
    },
    {
        "timestamp": 1616173561876,
        "family": "colors",
        "name": "omnibox_text",
        "was_default": false,
        "was_disabled": false,
        "set_to_default": false,
        "from_val": "rgba(98.991,98.991,98.991,1)",
        "from_picked_color_val": [
            98.991,
            98.991,
            98.991,
            1
        ],
        "from_manifest_val": [
            99,
            99,
            99
        ],
        "to_val": "rgba(191.9895,191.9895,191.9895,1)",
        "to_picked_color_val": [
            191.9895,
            191.9895,
            191.9895,
            1
        ],
        "to_manifest_val": [
            192,
            192,
            192
        ]
    },
    {
        "timestamp": 1616173563841,
        "family": "colors",
        "name": "toolbar_button_icon",
        "was_default": false,
        "was_disabled": false,
        "set_to_default": false,
        "from_val": "rgba(98.991,98.991,98.991,1)",
        "from_picked_color_val": [
            98.991,
            98.991,
            98.991,
            1
        ],
        "from_manifest_val": [
            99,
            99,
            99
        ],
        "to_val": "rgba(191.9895,191.9895,191.9895,1)",
        "to_picked_color_val": [
            191.9895,
            191.9895,
            191.9895,
            1
        ],
        "to_manifest_val": [
            192,
            192,
            192
        ]
    },
    {
        "timestamp": 1616173655244,
        "family": "colors",
        "name": "frame_inactive",
        "was_default": false,
        "was_disabled": false,
        "set_to_default": false,
        "from_val": "rgba(20.9865,20.9865,20.9865,1)",
        "from_picked_color_val": [
            20.9865,
            20.9865,
            20.9865,
            1
        ],
        "from_manifest_val": [
            21,
            21,
            21
        ],
        "to_val": "rgba(38.98949999999999,38.98949999999999,38.98949999999999,1)",
        "to_picked_color_val": [
            38.98949999999999,
            38.98949999999999,
            38.98949999999999,
            1
        ],
        "to_manifest_val": [
            39,
            39,
            39
        ]
    },
    {
        "timestamp": 1616173658445,
        "family": "colors",
        "name": "frame_incognito",
        "was_default": false,
        "was_disabled": false,
        "set_to_default": false,
        "from_val": "rgba(20.9865,20.9865,20.9865,1)",
        "from_picked_color_val": [
            20.9865,
            20.9865,
            20.9865,
            1
        ],
        "from_manifest_val": [
            21,
            21,
            21
        ],
        "to_val": "rgba(38.98949999999999,38.98949999999999,38.98949999999999,1)",
        "to_picked_color_val": [
            38.98949999999999,
            38.98949999999999,
            38.98949999999999,
            1
        ],
        "to_manifest_val": [
            39,
            39,
            39
        ]
    },
    {
        "timestamp": 1616173660356,
        "family": "colors",
        "name": "frame_incognito_inactive",
        "was_default": false,
        "was_disabled": false,
        "set_to_default": false,
        "from_val": "rgba(20.9865,20.9865,20.9865,1)",
        "from_picked_color_val": [
            20.9865,
            20.9865,
            20.9865,
            1
        ],
        "from_manifest_val": [
            21,
            21,
            21
        ],
        "to_val": "rgba(38.98949999999999,38.98949999999999,38.98949999999999,1)",
        "to_picked_color_val": [
            38.98949999999999,
            38.98949999999999,
            38.98949999999999,
            1
        ],
        "to_manifest_val": [
            39,
            39,
            39
        ]
    },
    {
        "timestamp": 1616173662183,
        "family": "colors",
        "name": "background_tab",
        "was_default": false,
        "was_disabled": false,
        "set_to_default": false,
        "from_val": "rgba(20.9865,20.9865,20.9865,1)",
        "from_picked_color_val": [
            20.9865,
            20.9865,
            20.9865,
            1
        ],
        "from_manifest_val": [
            21,
            21,
            21
        ],
        "to_val": "rgba(38.98949999999999,38.98949999999999,38.98949999999999,1)",
        "to_picked_color_val": [
            38.98949999999999,
            38.98949999999999,
            38.98949999999999,
            1
        ],
        "to_manifest_val": [
            39,
            39,
            39
        ]
    },
    {
        "timestamp": 1616173664044,
        "family": "colors",
        "name": "background_tab_inactive",
        "was_default": false,
        "was_disabled": false,
        "set_to_default": false,
        "from_val": "rgba(20.9865,20.9865,20.9865,1)",
        "from_picked_color_val": [
            20.9865,
            20.9865,
            20.9865,
            1
        ],
        "from_manifest_val": [
            21,
            21,
            21
        ],
        "to_val": "rgba(38.98949999999999,38.98949999999999,38.98949999999999,1)",
        "to_picked_color_val": [
            38.98949999999999,
            38.98949999999999,
            38.98949999999999,
            1
        ],
        "to_manifest_val": [
            39,
            39,
            39
        ]
    },
    {
        "timestamp": 1616173666046,
        "family": "colors",
        "name": "background_tab_incognito",
        "was_default": false,
        "was_disabled": false,
        "set_to_default": false,
        "from_val": "rgba(20.9865,20.9865,20.9865,1)",
        "from_picked_color_val": [
            20.9865,
            20.9865,
            20.9865,
            1
        ],
        "from_manifest_val": [
            21,
            21,
            21
        ],
        "to_val": "rgba(38.98949999999999,38.98949999999999,38.98949999999999,1)",
        "to_picked_color_val": [
            38.98949999999999,
            38.98949999999999,
            38.98949999999999,
            1
        ],
        "to_manifest_val": [
            39,
            39,
            39
        ]
    },
    {
        "timestamp": 1616173669428,
        "family": "colors",
        "name": "background_tab_incognito_inactive",
        "was_default": false,
        "was_disabled": false,
        "set_to_default": false,
        "from_val": "rgba(20.9865,20.9865,20.9865,1)",
        "from_picked_color_val": [
            20.9865,
            20.9865,
            20.9865,
            1
        ],
        "from_manifest_val": [
            21,
            21,
            21
        ],
        "to_val": "rgba(38.98949999999999,38.98949999999999,38.98949999999999,1)",
        "to_picked_color_val": [
            38.98949999999999,
            38.98949999999999,
            38.98949999999999,
            1
        ],
        "to_manifest_val": [
            39,
            39,
            39
        ]
    },
    {
        "timestamp": 1616181551955,
        "family": "images",
        "name": "theme_frame",
        "was_default": true,
        "set_to_default": false,
        "to_img_id": "1616181551954wV3cwx5R"
    },
    {
        "timestamp": 1616181587561,
        "family": "images",
        "name": "theme_frame",
        "was_default": false,
        "set_to_default": true,
        "from_img_id": "1616181587559stjKVRVy"
    },
    {
        "timestamp": 1616181875582,
        "family": "properties",
        "name": "ntp_background_alignment",
        "was_default": true,
        "set_to_default": false,
        "from_val": "default",
        "to_val": "left top"
    },
    {
        "timestamp": 1616182091551,
        "family": "properties",
        "name": "ntp_background_alignment",
        "was_default": false,
        "set_to_default": false,
        "from_val": "left top",
        "to_val": "right top"
    },
    {
        "timestamp": 1616182187465,
        "family": "properties",
        "name": "ntp_background_alignment",
        "was_default": false,
        "set_to_default": false,
        "from_val": "right top",
        "to_val": "right bottom"
    },
    {
        "timestamp": 1616182277321,
        "family": "properties",
        "name": "ntp_background_alignment",
        "was_default": false,
        "set_to_default": false,
        "from_val": "right bottom",
        "to_val": "right bottom"
    },
    {
        "timestamp": 1616182369274,
        "family": "colors",
        "name": "toolbar",
        "was_default": false,
        "was_disabled": false,
        "set_to_default": false,
        "from_val": "rgba(20.9865,20.9865,20.9865,1)",
        "from_picked_color_val": [
            20.9865,
            20.9865,
            20.9865,
            1
        ],
        "from_manifest_val": [
            21,
            21,
            21
        ],
        "to_val": "rgba(22.9755,22.9755,22.9755,1)",
        "to_picked_color_val": [
            22.9755,
            22.9755,
            22.9755,
            1
        ],
        "to_manifest_val": [
            23,
            23,
            23
        ]
    },
    {
        "timestamp": 1616182372099,
        "family": "colors",
        "name": "toolbar",
        "was_default": false,
        "was_disabled": false,
        "set_to_default": false,
        "from_val": "rgba(22.9755,22.9755,22.9755,1)",
        "from_picked_color_val": [
            22.9755,
            22.9755,
            22.9755,
            1
        ],
        "from_manifest_val": [
            23,
            23,
            23
        ],
        "to_val": "rgba(22.9755,22.9755,22.9755,1)",
        "to_picked_color_val": [
            22.9755,
            22.9755,
            22.9755,
            1
        ],
        "to_manifest_val": [
            23,
            23,
            23
        ]
    },
    {
        "timestamp": 1616182374747,
        "family": "colors",
        "name": "frame",
        "was_default": false,
        "was_disabled": false,
        "set_to_default": false,
        "from_val": "rgba(20.9865,20.9865,20.9865,1)",
        "from_picked_color_val": [
            20.9865,
            20.9865,
            20.9865,
            1
        ],
        "from_manifest_val": [
            21,
            21,
            21
        ],
        "to_val": "rgba(22.9755,22.9755,22.9755,1)",
        "to_picked_color_val": [
            22.9755,
            22.9755,
            22.9755,
            1
        ],
        "to_manifest_val": [
            23,
            23,
            23
        ]
    },
    {
        "timestamp": 1616182384619,
        "family": "colors",
        "name": "omnibox_background",
        "was_default": false,
        "was_disabled": false,
        "set_to_default": false,
        "from_val": "rgba(20.9865,20.9865,20.9865,1)",
        "from_picked_color_val": [
            20.9865,
            20.9865,
            20.9865,
            1
        ],
        "from_manifest_val": [
            21,
            21,
            21
        ],
        "to_val": "rgba(22.9755,22.9755,22.9755,1)",
        "to_picked_color_val": [
            22.9755,
            22.9755,
            22.9755,
            1
        ],
        "to_manifest_val": [
            23,
            23,
            23
        ]
    },
    {
        "timestamp": 1616200742711,
        "family": "images",
        "name": "theme_toolbar",
        "was_default": true,
        "set_to_default": false,
        "to_img_id": "1616200742711EeZwIJbi"
    },
    {
        "timestamp": 1616200753526,
        "family": "colors",
        "name": "toolbar",
        "was_default": false,
        "was_disabled": false,
        "set_to_default": false,
        "from_val": "rgba(22.9755,22.9755,22.9755,1)",
        "from_picked_color_val": [
            22.9755,
            22.9755,
            22.9755,
            1
        ],
        "from_manifest_val": [
            23,
            23,
            23
        ],
        "to_val": "rgba(255,255,255,1)",
        "to_picked_color_val": [
            255,
            255,
            255,
            1
        ],
        "to_manifest_val": [
            255,
            255,
            255
        ]
    },
    {
        "timestamp": 1616200822714,
        "family": "colors",
        "name": "toolbar",
        "was_default": false,
        "was_disabled": false,
        "set_to_default": false,
        "from_val": "rgba(255,255,255,1)",
        "from_picked_color_val": [
            255,
            255,
            255,
            1
        ],
        "from_manifest_val": [
            255,
            255,
            255
        ],
        "to_val": "rgba(191.9895,191.9895,191.9895,1)",
        "to_picked_color_val": [
            191.9895,
            191.9895,
            191.9895,
            1
        ],
        "to_manifest_val": [
            192,
            192,
            192
        ]
    },
    {
        "timestamp": 1616200865958,
        "family": "colors",
        "name": "toolbar",
        "was_default": false,
        "was_disabled": false,
        "set_to_default": false,
        "from_val": "rgba(191.9895,191.9895,191.9895,1)",
        "from_picked_color_val": [
            191.9895,
            191.9895,
            191.9895,
            1
        ],
        "from_manifest_val": [
            192,
            192,
            192
        ],
        "to_val": "rgba(98.991,98.991,98.991,1)",
        "to_picked_color_val": [
            98.991,
            98.991,
            98.991,
            1
        ],
        "to_manifest_val": [
            99,
            99,
            99
        ]
    },
    {
        "timestamp": 1616200909431,
        "family": "colors",
        "name": "toolbar",
        "was_default": false,
        "was_disabled": false,
        "set_to_default": false,
        "from_val": "rgba(98.991,98.991,98.991,1)",
        "from_picked_color_val": [
            98.991,
            98.991,
            98.991,
            1
        ],
        "from_manifest_val": [
            99,
            99,
            99
        ],
        "to_val": "rgba(75.9135,75.9135,75.9135,1)",
        "to_picked_color_val": [
            75.9135,
            75.9135,
            75.9135,
            1
        ],
        "to_manifest_val": [
            76,
            76,
            76
        ]
    },
    {
        "timestamp": 1616200934208,
        "family": "colors",
        "name": "toolbar",
        "was_default": false,
        "was_disabled": false,
        "set_to_default": false,
        "from_val": "rgba(75.9135,75.9135,75.9135,1)",
        "from_picked_color_val": [
            75.9135,
            75.9135,
            75.9135,
            1
        ],
        "from_manifest_val": [
            76,
            76,
            76
        ],
        "to_val": "rgba(68.4165,68.4165,68.4165,1)",
        "to_picked_color_val": [
            68.4165,
            68.4165,
            68.4165,
            1
        ],
        "to_manifest_val": [
            68,
            68,
            68
        ]
    },
    {
        "timestamp": 1616202292112,
        "family": "colors",
        "name": "ntp_background",
        "was_default": false,
        "was_disabled": false,
        "set_to_default": false,
        "from_val": "rgba(20.9865,20.9865,20.9865,1)",
        "from_picked_color_val": [
            20.9865,
            20.9865,
            20.9865,
            1
        ],
        "from_manifest_val": [
            21,
            21,
            21
        ],
        "to_val": "rgba(46.9965,46.9965,46.9965,1)",
        "to_picked_color_val": [
            46.9965,
            46.9965,
            46.9965,
            1
        ],
        "to_manifest_val": [
            47,
            47,
            47
        ]
    },
    {
        "timestamp": 1616202361140,
        "family": "colors",
        "name": "ntp_background",
        "was_default": false,
        "was_disabled": false,
        "set_to_default": false,
        "from_val": "rgba(46.9965,46.9965,46.9965,1)",
        "from_picked_color_val": [
            46.9965,
            46.9965,
            46.9965,
            1
        ],
        "from_manifest_val": [
            47,
            47,
            47
        ],
        "to_val": "rgba(46.9965,46.9965,46.9965,1)",
        "to_picked_color_val": [
            46.9965,
            46.9965,
            46.9965,
            1
        ],
        "to_manifest_val": [
            47,
            47,
            47
        ]
    },
    {
        "timestamp": 1616202780011,
        "family": "colors",
        "name": "tab_text",
        "was_default": false,
        "was_disabled": false,
        "set_to_default": false,
        "from_val": "rgba(191.9895,191.9895,191.9895,1)",
        "from_picked_color_val": [
            191.9895,
            191.9895,
            191.9895,
            1
        ],
        "from_manifest_val": [
            192,
            192,
            192
        ],
        "to_val": "rgba(201.98819249999997,234.98250000000002,82.00889250000003,1)",
        "to_picked_color_val": [
            201.98819249999997,
            234.98250000000002,
            82.00889250000003,
            1
        ],
        "to_manifest_val": [
            202,
            235,
            82
        ]
    },
    {
        "timestamp": 1616202785560,
        "family": "colors",
        "name": "omnibox_text",
        "was_default": false,
        "was_disabled": false,
        "set_to_default": false,
        "from_val": "rgba(191.9895,191.9895,191.9895,1)",
        "from_picked_color_val": [
            191.9895,
            191.9895,
            191.9895,
            1
        ],
        "from_manifest_val": [
            192,
            192,
            192
        ],
        "to_val": "rgba(201.98819249999997,234.98250000000002,82.00889250000003,1)",
        "to_picked_color_val": [
            201.98819249999997,
            234.98250000000002,
            82.00889250000003,
            1
        ],
        "to_manifest_val": [
            202,
            235,
            82
        ]
    },
    {
        "timestamp": 1616223943696,
        "family": "colors",
        "name": "omnibox_background",
        "was_default": false,
        "was_disabled": false,
        "set_to_default": false,
        "from_val": "rgba(22.9755,22.9755,22.9755,1)",
        "from_picked_color_val": [
            22.9755,
            22.9755,
            22.9755,
            1
        ],
        "from_manifest_val": [
            23,
            23,
            23
        ],
        "to_val": "rgba(31.976999999999997,31.976999999999997,31.976999999999997,1)",
        "to_picked_color_val": [
            31.976999999999997,
            31.976999999999997,
            31.976999999999997,
            1
        ],
        "to_manifest_val": [
            32,
            32,
            32
        ]
    },
    {
        "timestamp": 1616224267178,
        "family": "colors",
        "name": "frame",
        "was_default": false,
        "was_disabled": false,
        "set_to_default": false,
        "from_val": "rgba(22.9755,22.9755,22.9755,1)",
        "from_picked_color_val": [
            22.9755,
            22.9755,
            22.9755,
            1
        ],
        "from_manifest_val": [
            23,
            23,
            23
        ],
        "to_val": "rgba(62.985,62.985,62.985,1)",
        "to_picked_color_val": [
            62.985,
            62.985,
            62.985,
            1
        ],
        "to_manifest_val": [
            63,
            63,
            63
        ]
    },
    {
        "timestamp": 1616224321858,
        "family": "colors",
        "name": "frame",
        "was_default": false,
        "was_disabled": false,
        "set_to_default": false,
        "from_val": "rgba(62.985,62.985,62.985,1)",
        "from_picked_color_val": [
            62.985,
            62.985,
            62.985,
            1
        ],
        "from_manifest_val": [
            63,
            63,
            63
        ],
        "to_val": "rgba(74.9955,74.9955,74.9955,1)",
        "to_picked_color_val": [
            74.9955,
            74.9955,
            74.9955,
            1
        ],
        "to_manifest_val": [
            75,
            75,
            75
        ]
    },
    {
        "timestamp": 1616224348111,
        "family": "colors",
        "name": "frame",
        "was_default": false,
        "was_disabled": false,
        "set_to_default": false,
        "from_val": "rgba(74.9955,74.9955,74.9955,1)",
        "from_picked_color_val": [
            74.9955,
            74.9955,
            74.9955,
            1
        ],
        "from_manifest_val": [
            75,
            75,
            75
        ],
        "to_val": "rgba(77.97899999999998,77.97899999999998,77.97899999999998,1)",
        "to_picked_color_val": [
            77.97899999999998,
            77.97899999999998,
            77.97899999999998,
            1
        ],
        "to_manifest_val": [
            78,
            78,
            78
        ]
    },
    {
        "timestamp": 1616224380349,
        "family": "colors",
        "name": "frame",
        "was_default": false,
        "was_disabled": false,
        "set_to_default": false,
        "from_val": "rgba(77.97899999999998,77.97899999999998,77.97899999999998,1)",
        "from_picked_color_val": [
            77.97899999999998,
            77.97899999999998,
            77.97899999999998,
            1
        ],
        "from_manifest_val": [
            78,
            78,
            78
        ],
        "to_val": "rgba(80.988,80.988,80.988,1)",
        "to_picked_color_val": [
            80.988,
            80.988,
            80.988,
            1
        ],
        "to_manifest_val": [
            81,
            81,
            81
        ]
    },
    {
        "timestamp": 1616224445823,
        "family": "colors",
        "name": "frame",
        "was_default": false,
        "was_disabled": false,
        "set_to_default": false,
        "from_val": "rgba(80.988,80.988,80.988,1)",
        "from_picked_color_val": [
            80.988,
            80.988,
            80.988,
            1
        ],
        "from_manifest_val": [
            81,
            81,
            81
        ],
        "to_val": "rgba(22.9755,22.9755,22.9755,1)",
        "to_picked_color_val": [
            22.9755,
            22.9755,
            22.9755,
            1
        ],
        "to_manifest_val": [
            23,
            23,
            23
        ]
    },
    {
        "timestamp": 1616255673126,
        "family": "colors",
        "name": "tab_text",
        "was_default": false,
        "was_disabled": false,
        "set_to_default": false,
        "from_val": "rgba(201.98819249999997,234.98250000000002,82.00889250000003,1)",
        "from_picked_color_val": [
            201.98819249999997,
            234.98250000000002,
            82.00889250000003,
            1
        ],
        "from_manifest_val": [
            202,
            235,
            82
        ],
        "to_val": "rgba(201.00018000000017,204,24.010799999999985,1)",
        "to_picked_color_val": [
            201.00018000000017,
            204,
            24.010799999999985,
            1
        ],
        "to_manifest_val": [
            201,
            204,
            24
        ]
    },
    {
        "timestamp": 1616255677878,
        "family": "colors",
        "name": "omnibox_text",
        "was_default": false,
        "was_disabled": false,
        "set_to_default": false,
        "from_val": "rgba(201.98819249999997,234.98250000000002,82.00889250000003,1)",
        "from_picked_color_val": [
            201.98819249999997,
            234.98250000000002,
            82.00889250000003,
            1
        ],
        "from_manifest_val": [
            202,
            235,
            82
        ],
        "to_val": "rgba(201.00018000000017,204,24.010799999999985,1)",
        "to_picked_color_val": [
            201.00018000000017,
            204,
            24.010799999999985,
            1
        ],
        "to_manifest_val": [
            201,
            204,
            24
        ]
    },
    {
        "timestamp": 1616263820228,
        "family": "theme_metadata",
        "name": "name",
        "locale": "en",
        "from_val": "Amana",
        "to_val": "Amana-Dark-BLACK"
    },
    {
        "timestamp": 1616270690586,
        "family": "theme_metadata",
        "name": "description",
        "locale": "en",
        "from_val": "",
        "to_val": "Another theme release to compliment niivu's Amana suite, check out https://www.deviantart.com/sublime9-design for more themes!"
    },
    {
        "timestamp": 1616270789745,
        "family": "theme_metadata",
        "name": "description",
        "locale": "en",
        "from_val": "Another theme release to compliment niivu's Amana suite, check out https://www.deviantart.com/sublime9-design for more themes!",
        "to_val": "Another theme release to compliment niivu's Amana suite, check out https://www.deviantart.com/sublime9-design for more chrome themes"
    },
    {
        "timestamp": 1616271665508,
        "family": "theme_metadata",
        "name": "name",
        "locale": "en",
        "from_val": "Amana-Dark-BLACK",
        "to_val": "AMANA-Dark-BLACK"
    }
]
